,크리넥스 3겹 데코 소프트 30m x 30롤,20900,식품·생필품,크리넥스.jpg,6,판매중,4
,기프트코드 1만원 / 구글 기프트카드,9750,여행·도서·e쿠폰,구글.jpg,4,판매중,6
,액체 세제(드럼) 2.7L,37000,식품·생필품,세제.jpg,7,판매중,3
,올리브 짜파게티 140g X 20입(박스),15900,식품·생필품,짜파게티.jpg,7,판매중,3
,물티슈 70매 X 10입(박스), 14000,식품·생필품,물티슈.jpg,10,판매중,0
,비타민C 1000 600정,37000,식품·생필품,비타민c.jpg,10,판매중,0
,무선 게이밍 마우스,120000,컴퓨터·디지털·가전,마우스.jpg,9,판매중,1
,향수 100ml,150000,패션의류·잡화·뷰티,향수.jpg,10,판매중,0
,드라이버,20000,자동차·공구,드라이버.jpg,8,판매중,2
,고양이 사료 5kg,20000,홈데코·문구·취미·반려,사료.jpg,10,판매중,0
,자동차 클리너 세트,18000,자동차·공구,클리너.jpg,10,판매중,0
,논 슬립 아령 3kg,15000,스포츠·건강·렌탈,아령.jpg,10,판매중,0
,토스터기,40000,컴퓨터·디지털·가전,토스터기.jpg,9,판매중,1
,수분크림,44000,패션의류·잡화·뷰티,수분크림.jpg,8,판매중,2
,탄산수 350ml 24PET,16000,식품·생필품,탄산수.jpg,8,판매중,2
,등산스틱,40000,스포츠·건강·렌탈,등산스틱.jpg,10,판매중,0
,사무용 의자,370000,홈데코·문구·취미·반려,의자.jpg,9,판매중,1
,퍼즐 1000피스,19800,홈데코·문구·취미·반려,퍼즐.jpg,10,판매중,0
,산딸기 350g,8900,식품·생필품,산딸기.jpg,5,판매중,5
,CGV영화관람권,10000,여행·도서·e쿠폰,영화.jpg,10,판매중,0